id,requirement,status,notes,file,updated_at
REQ-001,Public product contract,Done,README documents manifest subcommand exit-code precedence and next-gen provider status,README.md,2026-08-29
REQ-002,Safe signal policy,Done,Default scoring remains neutral; optional jurisdiction rule is explicitly opt-in and labeled as compliance,oss_scorer.py,2026-08-10
REQ-010,Maintainable package layout,In Progress,Typed provider layer fully implemented; wiring it into OSSScorer (replacing the legacy dict-based providers) remains,src/osspolicyguard/providers/,2026-08-29
REQ-011,Installable package and CLI entry point,Done,pyproject entry point and installable package verified,pyproject.toml,2026-08-05
REQ-012,Quality automation,Done,ruff/black/mypy gates added to CI and passing; pre-existing lint/format/type issues fixed,.github/workflows/tests.yml,2026-08-29
REQ-020,Package scan command,Done,scan and manifest (OPG-068) subcommands implemented with text/json/sarif/markdown output,src/osspolicyguard/cli.py,2026-08-29
REQ-021,Exit-code contract,Done,Decision/exit-code matrix implemented and verified,tests/test_cli.py,2026-08-06
REQ-022,Versioned JSON schema,Done,Schema version, schema file, and JSON schema validation tests completed,tests/test_reports.py,2026-08-06
REQ-030,Provider interface and resilience,Done,All six typed providers (GitHub Scorecard NVD OSV EPSS Registry) implemented against ProviderBase/ProviderResponse with unit tests; not yet wired into OSSScorer (tracked under REQ-010),src/osspolicyguard/providers/,2026-08-29
